{
    "loss": 0.3128550052642822,
    "accuracy": 0.9051724076271057
}